{"cameraMode":{"drawMode":0,"name":"Shaded","section":"Shading Mode"},"sceneLighting":true,"audioPlay":false,"sceneViewState":{"m_AlwaysRefresh":false,"showFog":true,"showSkybox":false,"showFlares":true,"showImageEffects":true,"showParticleSystems":true,"showVisualEffectGraphs":true,"m_FxEnabled":true},"in2DMode":false,"pivot":{"x":-0.1339271366596222,"y":-7.550027370452881,"z":-11.92931079864502},"rotation":{"x":0.000496723863761872,"y":-0.9141432046890259,"z":0.40561264753341677,"w":0.0014546130551025272},"size":9.699484825134278,"orthographic":false}