{"cameraMode":{"drawMode":0,"name":"Shaded","section":"Shading Mode"},"sceneLighting":true,"audioPlay":false,"sceneViewState":{"m_AlwaysRefresh":false,"showFog":true,"showSkybox":false,"showFlares":true,"showImageEffects":true,"showParticleSystems":true,"showVisualEffectGraphs":true,"m_FxEnabled":true},"in2DMode":false,"pivot":{"x":0.5398969650268555,"y":0.7116527557373047,"z":-2.135295867919922},"rotation":{"x":-0.22543473541736604,"y":-0.13292722404003144,"z":0.030886098742485048,"w":-0.9648409485816956},"size":12.12435531616211,"orthographic":false}