{"cameraMode":{"drawMode":0,"name":"Shaded","section":"Shading Mode"},"sceneLighting":false,"audioPlay":false,"sceneViewState":{"m_AlwaysRefresh":false,"showFog":true,"showSkybox":false,"showFlares":true,"showImageEffects":true,"showParticleSystems":true,"showVisualEffectGraphs":true,"m_FxEnabled":true},"in2DMode":false,"pivot":{"x":0.0012151114642620087,"y":0.3185565173625946,"z":-0.14676372706890107},"rotation":{"x":-0.09890397638082504,"y":0.2361365258693695,"z":-0.024321943521499635,"w":-0.9665543437004089},"size":0.5317221879959106,"orthographic":false}